key,key:userAccount,firm,highlights,solicitor
#firm- errata
auditor-00,user-account-auditor-00,,Lorem ipsum dolor sit amet  consectetu,FALSE
auditor-01,user-account-auditor-01,Lorem ipsum dolor sit amet  consectetur adipiscing elit. Sed do: eiusmod teE,Lorem ipsum dolor sit amet  consectetu,FALSE
#highlights- errata
auditor-02,user-account-auditor-02,Lorem ipsum dolor sit amet  consectetu,,FALSE
auditor-03,user-account-auditor-03,Lorem ipsum dolor sit amet  consectetu,Lorem ipsum dolor sit amet  consectetur adipiscing elit. Sed do: eiusmod teE,FALSE
#solicitor- errata
auditor-04,user-account-auditor-04,Lorem ipsum dolor sit amet  consectetu,Lorem ipsum dolor sit amet  consectetu,
#userAccount- errata
auditor-05,,Lorem ipsum dolor sit amet  consectetu,Lorem ipsum dolor sit amet  consectetu,FALSE
#fin
